Title,Description,URL,Tag
Neural Networks and Deep Learning,"Neural Networks and Deep Learning Course by DeepLearning.AI, 4.9 stars, by 123K reviews, provide skills Deep Learning, Artificial Neural Networks, Tensorflow etc... Intermediate level, 1 - 4 Weeks",https://www.coursera.org/learn/neural-networks-deep-learning,Coursera
Data Analyst,Not Available,https://www.udacity.com/course/data-analyst-nanodegree--nd002,Udacity
AI for Education (Intermediate),"AI for Education (Intermediate) free Course by Kennesaw State University, 4.5 stars, by 6 reviews, provide skills Generative AI, Data Ethics, ChatGPT etc... Intermediate level, 1 - 4 Weeks",https://www.coursera.org/learn/ai-for-education-intermediate,Coursera
AI Programming with Python,Not Available,https://www.udacity.com/course/ai-programming-python-nanodegree--nd089,Udacity
Building AI Cloud Apps with Microsoft Azure,"Building AI Cloud Apps with Microsoft Azure new Specialization by Microsoft, 4.4 stars, by 390 reviews, provide skills Cloud Development, Image Analysis, Anomaly Detection etc... Intermediate level, 3 - 6 Months",https://www.coursera.org/specializations/building-ai-cloud-apps-microsoft-azure,Coursera
General AI Mastery Toolbox: Master AI and Drive Success,"General AI Mastery Toolbox: Master AI and Drive Success free Course by Coursera Instructor Network, 4.5 stars, by 13 reviews, provide skills Artificial Intelligence, Artificial Intelligence and Machine Learning (AI/ML), Generative AI etc... Beginner level, 1 - 4 Weeks",https://www.coursera.org/learn/general-ai-mastery-toolbox-master-ai-and-drive-success,Coursera
AI Workflow: Business Priorities and Data Ingestion,"AI Workflow: Business Priorities and Data Ingestion Course by IBM, 4.3 stars, by 162 reviews, provide skills Design Thinking, Data Science, Artificial Intelligence etc... Intermediate level, 1 - 4 Weeks",https://www.coursera.org/learn/ibm-ai-workflow-business-priorities-data-ingestion,Coursera
AI Engineering,"AI Engineering Specialization by Scrimba, 4.6 stars, by 130 reviews, provide skills Image Analysis, OpenAI, Cloud Applications etc... Intermediate level, 1 - 3 Months",https://www.coursera.org/specializations/ai-engineering,Coursera
ChatGPT: Master Free AI Tools to Supercharge Productivity,"ChatGPT: Master Free AI Tools to Supercharge Productivity Specialization by Vanderbilt University, 4.8 stars, by 5.4K reviews, provide skills ChatGPT, Generative AI, OpenAI etc... Beginner level, 3 - 6 Months",https://www.coursera.org/specializations/chatgpt-free-ai-tools-to-excel,Coursera
Interactive and Immersive Experiences with Generative AI,"Interactive and Immersive Experiences with Generative AI new free Course by Coursera Instructor Network, 5.0 stars, provide skills Generative AI, Virtual Environment, Augmented and Virtual Reality (AR/VR) etc... Intermediate level, 1 - 4 Weeks",https://www.coursera.org/learn/interactive-and-immersive-experiences-with-generative-ai,Coursera
AI Engineering,"AI Engineering Specialization by Scrimba, 4.6 stars, by 130 reviews, provide skills Image Analysis, OpenAI, Cloud Applications etc... Intermediate level, 1 - 3 Months",https://www.coursera.org/specializations/ai-engineering,Coursera
Generative AI in Education,"Generative AI in Education Course by University of Glasgow, 4.5 stars, by 66 reviews, provide skills Generative AI, OpenAI, ChatGPT etc... Beginner level, 1 - 4 Weeks",https://www.coursera.org/learn/generative-ai-in-education,Coursera
IBM AI Enterprise Workflow,"IBM AI Enterprise Workflow Specialization by IBM, 4.3 stars, by 311 reviews, provide skills Feature Engineering, Data Ethics, Exploratory Data Analysis etc... Advanced level, 3 - 6 Months",https://www.coursera.org/specializations/ibm-ai-workflow,Coursera
Data Scientist,Not Available,https://www.udacity.com/course/data-scientist-nanodegree--nd025,Udacity
Cloud DevOps Engineer,Not Available,https://www.udacity.com/course/cloud-dev-ops-nanodegree--nd9991,Udacity
Convolutional Neural Networks,"Convolutional Neural Networks Course by DeepLearning.AI, 4.9 stars, by 42K reviews, provide skills Computer Vision, Image Analysis, Deep Learning etc... Intermediate level, 1 - 4 Weeks",https://www.coursera.org/learn/convolutional-neural-networks,Coursera
Front End Web Developer,Not Available,https://www.udacity.com/course/front-end-web-developer-nanodegree--nd0011,Udacity
AI for Trading,Not Available,https://www.udacity.com/course/ai-for-trading--nd880,Udacity
Business Analytics,Not Available,https://www.udacity.com/course/business-analytics-nanodegree--nd098,Udacity
Agentic AI and AI Agents for Leaders,"Agentic AI and AI Agents for Leaders new Specialization by Vanderbilt University, 4.8 stars, by 5.3K reviews, provide skills ChatGPT, Generative AI, Artificial Intelligence etc... Beginner level, 1 - 3 Months",https://www.coursera.org/specializations/ai-agents-for-leaders,Coursera
Digital Marketing,Not Available,https://www.udacity.com/course/digital-marketing-nanodegree--nd018,Udacity
AI for Medical Prognosis,"AI for Medical Prognosis  Course by DeepLearning.AI, 4.7 stars, by 783 reviews, provide skills Risk Modeling, Decision Tree Learning, Predictive Modeling etc... Intermediate level, 1 - 4 Weeks",https://www.coursera.org/learn/ai-for-medical-prognosis,Coursera
AI Concepts and Strategy,"AI Concepts and Strategy Course by Rutgers the State University of New Jersey, 4.4 stars, by 13 reviews, provide skills OpenAI, Generative AI, Artificial Intelligence etc... Beginner level, 1 - 4 Weeks",https://www.coursera.org/learn/ai-strategy,Coursera
IBM AI Enterprise Workflow,"IBM AI Enterprise Workflow Specialization by IBM, 4.3 stars, by 311 reviews, provide skills Feature Engineering, Data Ethics, Exploratory Data Analysis etc... Advanced level, 3 - 6 Months",https://www.coursera.org/specializations/ibm-ai-workflow,Coursera
User Experience,Not Available,https://www.udacity.com/course/ux-designer-nanodegree--nd578,Udacity
Introduction to Generative AI,"Introduction to Generative AI Course by Duke University, 4.5 stars, by 102 reviews, provide skills Generative AI, ChatGPT, OpenAI etc... Beginner level, 1 - 4 Weeks",https://www.coursera.org/learn/intro-gen-ai,Coursera
Leveraging AI for Enhanced Content Creation,"Leveraging AI for Enhanced Content Creation  free Course by Coursera Instructor Network, 4.6 stars, by 103 reviews, provide skills Generative AI, Advertising, Advertising Campaigns etc... Beginner level, 1 - 4 Weeks",https://www.coursera.org/learn/leveraging-ai-for-enhanced-content-creation,Coursera
Generative AI for Developers,"Generative AI for Developers Specialization by Fractal Analytics, 4.4 stars, by 71 reviews, provide skills Generative AI, Code Review, Debugging etc... Beginner level, 1 - 3 Months",https://www.coursera.org/specializations/generative-ai-for-developers,Coursera
AI for Trading,Not Available,https://www.udacity.com/course/ai-for-trading--nd880,Udacity
AI for Web Developers,"AI for Web Developers Specialization by Scrimba, 4.5 stars, by 162 reviews, provide skills OpenAI, Cloud Applications, Front-End Web Development etc... Intermediate level, 1 - 3 Months",https://www.coursera.org/specializations/intro-to-ai-for-web-developers,Coursera
Accelerate Your Learning with ChatGPT,"Accelerate Your Learning with ChatGPT free Course by Deep Teaching Solutions, 4.8 stars, by 425 reviews, provide skills Creative Thinking, ChatGPT, Learning Strategies etc... Beginner level, 1 - 4 Weeks",https://www.coursera.org/learn/learning-chatgpt,Coursera
AI and Climate Change,"AI and Climate Change Course by DeepLearning.AI, 4.8 stars, by 113 reviews, provide skills Image Analysis, Environmental Monitoring, Artificial Intelligence etc... Beginner level, 1 - 4 Weeks",https://www.coursera.org/learn/ai-and-climate-change,Coursera
Building AI Cloud Apps with Microsoft Azure,"Building AI Cloud Apps with Microsoft Azure new Specialization by Microsoft, 4.4 stars, by 390 reviews, provide skills Cloud Development, Image Analysis, Anomaly Detection etc... Intermediate level, 3 - 6 Months",https://www.coursera.org/specializations/building-ai-cloud-apps-microsoft-azure,Coursera
Securing AI and Advanced Topics,"Securing AI and Advanced Topics new Course by Johns Hopkins University, 4.3 stars, by 6 reviews, provide skills Generative AI, Feature Engineering, Cybersecurity etc... Intermediate level, 1 - 3 Months",https://www.coursera.org/learn/securing-ai-and-advanced-topics,Coursera
Programming for Data Science with Python,Not Available,https://www.udacity.com/course/programming-for-data-science-nanodegree--nd104,Udacity
The IntelÂ® AI Value,"The IntelÂ® AI Value Course by Intel, 4.1 stars, by 13 reviews, provide skills Artificial Intelligence and Machine Learning (AI/ML), Artificial Intelligence, Technology Strategies etc... Beginner level, 1 - 4 Weeks",https://www.coursera.org/learn/the-intel-ai-value,Coursera
Generative AI for Product Managers,"Generative AI for Product Managers Specialization by IBM, SkillUp EdTech, 4.7 stars, by 4.6K reviews, provide skills ChatGPT, Generative AI, Commercialization etc... Intermediate level, 1 - 3 Months",https://www.coursera.org/specializations/generative-ai-for-product-managers,Coursera
Programming for Data Science with Python,Not Available,https://www.udacity.com/course/programming-for-data-science-nanodegree--nd104,Udacity
Using AI to Expand Creativity,"Using AI to Expand Creativity new Course by University of Michigan, 5.0 stars, by 8 reviews, provide skills Generative AI, Artificial Intelligence, Creativity etc... Beginner level, 1 - 3 Months",https://www.coursera.org/learn/using-ai-to-expand-creativity,Coursera
Learn AI Agents,"Learn AI Agents Course by Scrimba, 4.7 stars, by 27 reviews, provide skills User Interface (UI), Human Computer Interaction, User Interface and User Experience (UI/UX) Design etc... Intermediate level, 1 - 4 Weeks",https://www.coursera.org/learn/learn-ai-agents,Coursera
IBM AI Product Manager,"IBM AI Product Manager Professional Certificate by IBM, SkillUp EdTech, 4.7 stars, by 22K reviews, provide skills Generative AI, New Product Development, Product Management etc... Beginner level, 3 - 6 Months",https://www.coursera.org/professional-certificates/ibm-ai-product-manager,Coursera
AI for Autonomous Vehicles and Robotics,"AI for Autonomous Vehicles and Robotics new Course by University of Michigan, 4.6 stars, by 9 reviews, provide skills Machine Learning, Machine Learning Algorithms, Image Analysis etc... Intermediate level, 1 - 4 Weeks",https://www.coursera.org/learn/ai-for-autonomous-vehicles-and-robotics,Coursera
AI in Healthcare,"AI in Healthcare Specialization by Stanford University, 4.7 stars, by 2K reviews, provide skills Feature Engineering, Pharmaceuticals, Data Ethics etc... Beginner level, 3 - 6 Months",https://www.coursera.org/specializations/ai-healthcare,Coursera
Generative AI for Everyone,"Generative AI for Everyone Course by DeepLearning.AI, 4.8 stars, by 3.1K reviews, provide skills Generative AI, OpenAI, ChatGPT etc... Beginner level, 1 - 4 Weeks",https://www.coursera.org/learn/generative-ai-for-everyone,Coursera
Process Documents with Python Using the Document AI API,"Process Documents with Python Using the Document AI API Project by Google Cloud, 4.8 stars, by 5 reviews, provide skills Google Cloud Platform, Unstructured Data, Data Processing etc... Beginner level, Less Than 2 Hours",https://www.coursera.org/projects/googlecloud-process-documents-with-python-using-the-document-ai-api-jl9z7,Coursera
Cloud DevOps Engineer,Not Available,https://www.udacity.com/course/cloud-dev-ops-nanodegree--nd9991,Udacity
Data Analysis with Python,"Data Analysis with Python Course by IBM, 4.7 stars, by 19K reviews, provide skills Data Wrangling, Data Cleansing, Data Analysis etc... Intermediate level, 1 - 3 Months",https://www.coursera.org/learn/data-analysis-with-python,Coursera
AI Foundations: Prompt Engineering with ChatGPT,"AI Foundations: Prompt Engineering with ChatGPT Course by Arizona State University, 4.1 stars, by 64 reviews, provide skills ChatGPT, OpenAI, Data Ethics etc... Beginner level, 1 - 3 Months",https://www.coursera.org/learn/ai-foundations-prompt-engineering-with-chatgpt,Coursera
Machine Learning,"Machine Learning Specialization by DeepLearning.AI, Stanford University, 4.9 stars, by 32K reviews, provide skills Unsupervised Learning, Supervised Learning, Artificial Intelligence and Machine Learning (AI/ML) etc... Beginner level, 1 - 3 Months",https://www.coursera.org/specializations/machine-learning-introduction,Coursera
Designing Autonomous AI,"Designing Autonomous AI Course by University of Washington, 4.8 stars, by 12 reviews, provide skills Process Design, Artificial Intelligence, Systems Design etc... Beginner level, 1 - 4 Weeks",https://www.coursera.org/learn/designing-autonomous-ai,Coursera
Evaluations of AI Applications in Healthcare,"Evaluations of AI Applications in Healthcare Course by Stanford University, 4.5 stars, by 273 reviews, provide skills Data Ethics, Artificial Intelligence, Healthcare Industry Knowledge etc... Beginner level, 1 - 3 Months",https://www.coursera.org/learn/evaluations-ai-applications-healthcare,Coursera
Leadership Strategies for AI and Generative AI,"Leadership Strategies for AI and Generative AI Specialization by Fractal Analytics, 4.6 stars, by 134 reviews, provide skills Data Ethics, Human Centered Design, Problem Solving etc... Beginner level, 3 - 6 Months",https://www.coursera.org/specializations/leadership-strategies-for-ai-and-generative-ai,Coursera
AI Agentic Design Patterns with AutoGen,"AI Agentic Design Patterns with AutoGen free Project by DeepLearning.AI, 4.2 stars, by 13 reviews, provide skills Generative AI, ChatGPT, OpenAI etc... Beginner level, Less Than 2 Hours",https://www.coursera.org/projects/ai-agentic-design-patterns-with-autogen,Coursera
AI Infrastructure and Operations Fundamentals,"AI Infrastructure and Operations Fundamentals Course by NVIDIA, 4.6 stars, by 317 reviews, provide skills Artificial Intelligence and Machine Learning (AI/ML), Generative AI, MLOps (Machine Learning Operations) etc... Beginner level, 1 - 4 Weeks",https://www.coursera.org/learn/ai-infrastructure-operations-fundamentals,Coursera
Python for Everybody,"Python for Everybody Specialization by University of Michigan, 4.8 stars, by 277K reviews, provide skills Web Scraping, Data Processing, Relational Databases etc... Beginner level, 3 - 6 Months",https://www.coursera.org/specializations/python,Coursera
Exploring AI Possibilities,"Exploring AI Possibilities Course by Fred Hutchinson Cancer Center, 4.0 stars, provide skills Artificial Intelligence, Leadership, Artificial Intelligence and Machine Learning (AI/ML) etc... Beginner level, 1 - 4 Weeks",https://www.coursera.org/learn/exploring-ai-possibilities,Coursera
Generative AI for University Leaders,"Generative AI for University Leaders  free Course by Vanderbilt University, 4.8 stars, by 786 reviews, provide skills Generative AI, Operational Efficiency, Innovation etc... Beginner level, 1 - 4 Weeks",https://www.coursera.org/learn/gen-ai-for-university-leaders,Coursera
GenAI for Execs & Business Leaders: Integration Strategy,"GenAI for Execs & Business Leaders: Integration Strategy new Course by IBM, 4.9 stars, by 32 reviews, provide skills Competitive Intelligence, Return On Investment, Data Strategy etc... Beginner level, 1 - 4 Weeks",https://www.coursera.org/learn/generative-ai-for-executives-and-business-leaders-integration-strategy,Coursera
Data Analyst,Not Available,https://www.udacity.com/course/data-analyst-nanodegree--nd002,Udacity
Data Analyst,Not Available,https://www.udacity.com/course/data-analyst-nanodegree--nd002,Udacity
Data Structures and Algorithms,Not Available,https://www.udacity.com/course/data-structures-and-algorithms-nanodegree--nd256,Udacity
AI Fundamentals for Non-Data Scientists,"AI Fundamentals for Non-Data Scientists Course by University of Pennsylvania, 4.8 stars, by 643 reviews, provide skills Generative AI, Big Data, Machine Learning etc... Mixed level, 1 - 3 Months",https://www.coursera.org/learn/wharton-ai-fundamentals-non-data-scientists,Coursera
OpenAI for Beginners: AI Assistants for Project Managers,"OpenAI for Beginners: AI Assistants for Project Managers free Guided Project by Coursera Project Network, 3.3 stars, by 10 reviews, provide skills Generative AI, Application Deployment, Project Management Software etc... Beginner level, Less Than 2 Hours",https://www.coursera.org/projects/openai-for-beginners-ai-assistants-for-project-managers,Coursera
AI Programming with Python,Not Available,https://www.udacity.com/course/ai-programming-python-nanodegree--nd089,Udacity
iOS Development with SwiftUI and SwiftData,Not Available,https://www.udacity.com/course/ios-developer-nanodegree--nd003,Udacity
Generative AI for Data Analysts,"Generative AI for Data Analysts Specialization by IBM, 4.7 stars, by 4.6K reviews, provide skills Generative AI, ChatGPT, Data Storytelling etc... Intermediate level, 1 - 3 Months",https://www.coursera.org/specializations/generative-ai-for-data-analysts,Coursera
Generative AI for Software Developers,"Generative AI for Software Developers Specialization by IBM, 4.7 stars, by 4.6K reviews, provide skills ChatGPT, Generative AI, OpenAI etc... Intermediate level, 1 - 3 Months",https://www.coursera.org/specializations/generative-ai-for-software-developers,Coursera
Generative AI for Business Intelligence (BI) Analysts,"Generative AI for Business Intelligence (BI) Analysts Specialization by IBM, SkillUp EdTech, 4.7 stars, by 4.5K reviews, provide skills ChatGPT, Generative AI, Interactive Data Visualization etc... Intermediate level, 1 - 3 Months",https://www.coursera.org/specializations/generative-ai-for-business-intelligence-analysts,Coursera
iOS Development with SwiftUI and SwiftData,Not Available,https://www.udacity.com/course/ios-developer-nanodegree--nd003,Udacity
Building AI Powered Chatbots Without Programming,"Building AI Powered Chatbots Without Programming Course by IBM, 4.7 stars, by 3.4K reviews, provide skills IBM Cloud, User Experience, Application Deployment etc... Beginner level, 1 - 3 Months",https://www.coursera.org/learn/building-ai-powered-chatbots,Coursera
AI for Creative Work,"AI for Creative Work new Specialization by University of Michigan, 4.8 stars, by 21 reviews, provide skills Data Ethics, Generative AI, Artificial Intelligence etc... Beginner level, 3 - 6 Months",https://www.coursera.org/specializations/ai-for-creative-work,Coursera
Data Structures and Algorithms,Not Available,https://www.udacity.com/course/data-structures-and-algorithms-nanodegree--nd256,Udacity
Business Analytics,Not Available,https://www.udacity.com/course/business-analytics-nanodegree--nd098,Udacity
Generative AI Language Modeling with Transformers,"Generative AI Language Modeling with Transformers Course by IBM, 4.6 stars, by 60 reviews, provide skills Generative AI, PyTorch (Machine Learning Library), Natural Language Processing etc... Intermediate level, 1 - 4 Weeks",https://www.coursera.org/learn/generative-ai-language-modeling-with-transformers,Coursera
AI for Trading,Not Available,https://www.udacity.com/course/ai-for-trading--nd880,Udacity
ChatGPT: Master Free AI Tools to Supercharge Productivity,"ChatGPT: Master Free AI Tools to Supercharge Productivity Specialization by Vanderbilt University, 4.8 stars, by 5.4K reviews, provide skills ChatGPT, Generative AI, OpenAI etc... Beginner level, 3 - 6 Months",https://www.coursera.org/specializations/chatgpt-free-ai-tools-to-excel,Coursera
Generative AI for Software Development,"Generative AI for Software Development new Professional Certificate by DeepLearning.AI, 4.6 stars, by 456 reviews, provide skills Database Design, Software Documentation, Software Design Patterns etc... Beginner level, 1 - 3 Months",https://www.coursera.org/professional-certificates/generative-ai-for-software-development,Coursera
AI for Trading,Not Available,https://www.udacity.com/course/ai-for-trading--nd880,Udacity
AI For Everyone,"AI For Everyone Course by DeepLearning.AI, 4.8 stars, by 46K reviews, provide skills Data Ethics, Market Opportunities, Artificial Intelligence and Machine Learning (AI/ML) etc... Beginner level, 1 - 4 Weeks",https://www.coursera.org/learn/ai-for-everyone,Coursera
Generative AI Engineering with LLMs,"Generative AI Engineering with LLMs new Specialization by IBM, 4.5 stars, by 282 reviews, provide skills Generative AI, Natural Language Processing, PyTorch (Machine Learning Library) etc... Intermediate level, 3 - 6 Months",https://www.coursera.org/specializations/generative-ai-engineering-with-llms,Coursera
Generative AI in HR - Impact and Application of Gen AI,"Generative AI in HR - Impact and Application of Gen AI Course by Board Infinity, 4.3 stars, by 183 reviews, provide skills HR Tech, People Analytics, Human Resources etc... Beginner level, 1 - 4 Weeks",https://www.coursera.org/learn/generative-ai-in-hr,Coursera
Full Stack Web Developer,Not Available,https://www.udacity.com/course/full-stack-web-developer-nanodegree--nd0044,Udacity
Data Analyst,Not Available,https://www.udacity.com/course/data-analyst-nanodegree--nd002,Udacity
React,Not Available,https://www.udacity.com/course/react-nanodegree--nd019,Udacity
AI for Web Developers,"AI for Web Developers Specialization by Scrimba, 4.5 stars, by 162 reviews, provide skills OpenAI, Cloud Applications, Front-End Web Development etc... Intermediate level, 1 - 3 Months",https://www.coursera.org/specializations/intro-to-ai-for-web-developers,Coursera
Core Concepts in AI,"Core Concepts in AI new Course by Johns Hopkins University, 4.7 stars, by 6 reviews, provide skills Strategic Leadership, Artificial Intelligence, Organizational Strategy etc... Intermediate level, 1 - 3 Months",https://www.coursera.org/learn/core-concepts-in-ai,Coursera
IBM AI Foundations for Business,"IBM AI Foundations for Business Specialization by IBM, IBM, 4.7 stars, by 91K reviews, provide skills Data Mining, Artificial Intelligence, Generative AI etc... Beginner level, 1 - 3 Months",https://www.coursera.org/specializations/ibm-ai-foundations-for-business,Coursera
AI for Education (Advanced),"AI for Education (Advanced) Course by Kennesaw State University, 4.6 stars, by 9 reviews, provide skills Data Ethics, ChatGPT, Artificial Intelligence etc... Beginner level, 1 - 4 Weeks",https://www.coursera.org/learn/ai-for-education-advanced,Coursera
Developing Explainable AI (XAI),"Developing Explainable AI (XAI) new Course by Duke University, 4.5 stars, by 15 reviews, provide skills Data Ethics, Generative AI, Artificial Intelligence etc... Intermediate level, 1 - 4 Weeks",https://www.coursera.org/learn/explainable-ai-xai,Coursera
Product Manager,Not Available,https://www.udacity.com/course/product-manager-nanodegree--nd036,Udacity
Microsoft Copilot for Data Science,"Microsoft Copilot for Data Science new Specialization by Microsoft, 4.4 stars, by 34 reviews, provide skills Generative AI, Technical Communication, Anomaly Detection etc... Beginner level, 1 - 3 Months",https://www.coursera.org/specializations/microsoft-copilot-for-data-science,Coursera
Business Implications of AI: Full course,"Business Implications of AI: Full course Course by EIT Digital, 4.1 stars, by 50 reviews, provide skills Strategic Decision-Making, Business Strategy, Strategic Thinking etc... Beginner level, 1 - 4 Weeks",https://www.coursera.org/learn/business-implications-ai,Coursera
Cloud DevOps Engineer,Not Available,https://www.udacity.com/course/cloud-dev-ops-nanodegree--nd9991,Udacity
"ChatGPT: Excel at Personal Automation with GPTs, AI & Zapier","ChatGPT: Excel at Personal Automation with GPTs, AI & Zapier Specialization by Vanderbilt University, 4.8 stars, by 5.3K reviews, provide skills ChatGPT, Generative AI, OpenAI etc... Beginner level, 3 - 6 Months",https://www.coursera.org/specializations/chatgpt-gpt-zapier-excel-at-automation,Coursera
Generative AI and LLMs: Architecture and Data Preparation,"Generative AI and LLMs: Architecture and Data Preparation Course by IBM, 4.7 stars, by 148 reviews, provide skills Generative AI, PyTorch (Machine Learning Library), Natural Language Processing etc... Intermediate level, 1 - 4 Weeks",https://www.coursera.org/learn/generative-ai-llm-architecture-data-preparation,Coursera
Generative AI Assistants,"Generative AI Assistants Specialization by Vanderbilt University, 4.8 stars, by 5.5K reviews, provide skills ChatGPT, Generative AI, Ideation etc... Beginner level, 1 - 3 Months",https://www.coursera.org/specializations/generative-ai-assistants,Coursera
Introduction to Vertex AI Studio,"Introduction to Vertex AI Studio free Course by Google Cloud, 4.7 stars, by 206 reviews, provide skills Generative AI, Prototyping, Performance Tuning etc... Beginner level, 1 - 4 Weeks",https://www.coursera.org/learn/introduction-to-generative-ai-studio,Coursera
Digital Marketing,Not Available,https://www.udacity.com/course/digital-marketing-nanodegree--nd018,Udacity
Data Engineering with AWS,Not Available,https://www.udacity.com/course/data-engineer-nanodegree--nd027,Udacity
IntelÂ® AI Fundamentals,"IntelÂ® AI Fundamentals Specialization by Intel, 4.1 stars, by 66 reviews, provide skills Artificial Intelligence, Business Technologies, Complex Problem Solving etc... Beginner level, 1 - 4 Weeks",https://www.coursera.org/specializations/intel-ai-fundamental,Coursera
The AI Ladder: A Framework for Deploying AI in your Enterprise,"The AI Ladder: A Framework for Deploying AI in your Enterprise Course by IBM, 4.6 stars, by 372 reviews, provide skills Information Architecture, Strategic Decision-Making, Data Strategy etc... Beginner level, 1 - 4 Weeks",https://www.coursera.org/learn/ibm-ai-ladder-framework,Coursera
Natural Language Processing,Not Available,https://www.udacity.com/course/natural-language-processing-nanodegree--nd892,Udacity
Deep Learning,Not Available,https://www.udacity.com/course/deep-learning-nanodegree--nd101,Udacity
Generative AI Cybersecurity & Privacy for Leaders,"Generative AI Cybersecurity & Privacy for Leaders new Specialization by Vanderbilt University, 4.8 stars, by 5.2K reviews, provide skills ChatGPT, Generative AI, Crisis Management etc... Beginner level, 3 - 6 Months",https://www.coursera.org/specializations/generative-ai-cybersecurity-leaders,Coursera
Generative AI for Data Engineers,"Generative AI for Data Engineers Specialization by IBM, 4.7 stars, by 4.5K reviews, provide skills ChatGPT, Generative AI, Database Design etc... Intermediate level, 1 - 3 Months",https://www.coursera.org/specializations/generative-ai-for-data-engineers,Coursera
AI for Medical Prognosis,"AI for Medical Prognosis  Course by DeepLearning.AI, 4.7 stars, by 783 reviews, provide skills Risk Modeling, Decision Tree Learning, Predictive Modeling etc... Intermediate level, 1 - 4 Weeks",https://www.coursera.org/learn/ai-for-medical-prognosis,Coursera
Cloud Developer,Not Available,https://www.udacity.com/course/cloud-developer-nanodegree--nd9990,Udacity
AI Infrastructure and Operations Fundamentals,"AI Infrastructure and Operations Fundamentals Course by NVIDIA, 4.6 stars, by 317 reviews, provide skills Artificial Intelligence and Machine Learning (AI/ML), Generative AI, MLOps (Machine Learning Operations) etc... Beginner level, 1 - 4 Weeks",https://www.coursera.org/learn/ai-infrastructure-operations-fundamentals,Coursera
Build an Automated Landing page using AI from Wix ADI,"Build an Automated Landing page using AI from Wix ADI Guided Project by Coursera Project Network, 4.4 stars, by 47 reviews, provide skills Email Marketing, Lead Generation, Marketing Automation etc... Beginner level, Less Than 2 Hours",https://www.coursera.org/projects/build-automated-landing-page-using-ai-wix-adi,Coursera
"Functions, Tools and Agents with LangChain","Functions, Tools and Agents with LangChain free Project by DeepLearning.AI, 4.8 stars, by 80 reviews, provide skills ChatGPT, OpenAI, Generative AI etc... Intermediate level, Less Than 2 Hours",https://www.coursera.org/projects/functions-tools-and-agents-with-langchain-project,Coursera
Cloud Developer,Not Available,https://www.udacity.com/course/cloud-developer-nanodegree--nd9990,Udacity
"AI, Empathy & Ethics","AI, Empathy & Ethics free Course by University of California, Santa Cruz, 4.5 stars, by 263 reviews, provide skills Data Ethics, Artificial Intelligence, Artificial Neural Networks etc... Beginner level, 1 - 4 Weeks",https://www.coursera.org/learn/ai-empathy-ethics,Coursera
Computer Vision,Not Available,https://www.udacity.com/course/computer-vision-nanodegree--nd891,Udacity
English for Career Development,"English for Career Development free Course by University of Pennsylvania, 4.8 stars, by 16K reviews, provide skills Vocabulary, Business Writing, Interviewing Skills etc... Mixed level, 1 - 3 Months",https://www.coursera.org/learn/careerdevelopment,Coursera
GenAI for Everyone,"GenAI for Everyone free Course by Coursera Instructor Network, 4.7 stars, by 37 reviews, provide skills Generative AI, Data Ethics, Human Resource Strategy etc... Beginner level, 1 - 4 Weeks",https://www.coursera.org/learn/genai-for-everyone-cin,Coursera
Deep Learning,"Deep Learning Specialization by DeepLearning.AI, 4.8 stars, by 145K reviews, provide skills Computer Vision, Deep Learning, Image Analysis etc... Intermediate level, 3 - 6 Months",https://www.coursera.org/specializations/deep-learning,Coursera
Cloud Developer,Not Available,https://www.udacity.com/course/cloud-developer-nanodegree--nd9990,Udacity
Google AI Essentials,"Google AI Essentials Course by Google, 4.7 stars, by 9.3K reviews, provide skills Generative AI, Artificial Intelligence and Machine Learning (AI/ML), Productivity Software etc... Beginner level, 1 - 3 Months",https://www.coursera.org/learn/google-ai-essentials,Coursera
Get Started with Python,"Get Started with Python Course by Google, 4.8 stars, by 1.5K reviews, provide skills Object Oriented Programming (OOP), Jupyter, Data Structures etc... Advanced level, 1 - 3 Months",https://www.coursera.org/learn/get-started-with-python,Coursera
"Generative AI: Governance, Policy, and Emerging Regulation","Generative AI: Governance, Policy, and Emerging Regulation Course by University of Michigan, 4.8 stars, by 24 reviews, provide skills Governance, Data Governance, Data Management etc... Intermediate level, 1 - 4 Weeks",https://www.coursera.org/learn/generative-ai-governance-policy-and-emerging-regulation,Coursera
Preparing for AI-900: Microsoft Azure AI Fundamentals exam,"Preparing for AI-900: Microsoft Azure AI Fundamentals exam Course by Microsoft, 4.7 stars, by 116 reviews, provide skills Natural Language Processing, Microsoft Azure, Computer Vision etc... Beginner level, 1 - 4 Weeks",https://www.coursera.org/learn/microsoft-ai-900-exam-prep,Coursera
AI for Medicine,"AI for Medicine Specialization by DeepLearning.AI, 4.7 stars, by 2.4K reviews, provide skills Deep Learning, Statistical Analysis, Clinical Trials etc... Intermediate level, 1 - 3 Months",https://www.coursera.org/specializations/ai-for-medicine,Coursera
Team Software Engineering with AI,"Team Software Engineering with AI new Course by DeepLearning.AI, 4.7 stars, by 98 reviews, provide skills Software Documentation, Software Testing, Technical Documentation etc... Beginner level, 1 - 4 Weeks",https://www.coursera.org/learn/team-software-engineering-with-ai,Coursera
AI Python for Beginners,"AI Python for Beginners new Course by DeepLearning.AI, 4.8 stars, by 60 reviews, provide skills Artificial Intelligence, Jupyter, Python Programming etc... Beginner level, 1 - 4 Weeks",https://www.coursera.org/learn/ai-python-for-beginners,Coursera
IBM Data Engineering,"IBM Data Engineering Professional Certificate by IBM, 4.6 stars, by 56K reviews, provide skills NoSQL, Data Warehousing, SQL etc... Beginner level, 3 - 6 Months",https://www.coursera.org/professional-certificates/ibm-data-engineer,Coursera
AI for Education (Basic),"AI for Education (Basic) Course by Kennesaw State University, 4.9 stars, by 9 reviews, provide skills Generative AI, Data Ethics, ChatGPT etc... Beginner level, 1 - 4 Weeks",https://www.coursera.org/learn/ai-for-education-basic,Coursera
iOS Development with SwiftUI and SwiftData,Not Available,https://www.udacity.com/course/ios-developer-nanodegree--nd003,Udacity
Data Structures and Algorithms,Not Available,https://www.udacity.com/course/data-structures-and-algorithms-nanodegree--nd256,Udacity
C++,Not Available,https://www.udacity.com/course/c-plus-plus-nanodegree--nd213,Udacity
React,Not Available,https://www.udacity.com/course/react-nanodegree--nd019,Udacity
Generative AI in Marketing,"Generative AI in Marketing Specialization by University of Virginia Darden School Foundation, 4.2 stars, by 77 reviews, provide skills Customer Insights, Design Thinking, Consumer Behaviour etc... Beginner level, 1 - 3 Months",https://www.coursera.org/specializations/generative-ai-in-marketing,Coursera
Introduction to Generative AI - Art of the Possible,"Introduction to Generative AI - Art of the Possible free Course by Amazon Web Services, 4.6 stars, by 56 reviews, provide skills Generative AI, Amazon Web Services, Artificial Intelligence etc... Beginner level, 1 - 4 Weeks",https://www.coursera.org/learn/aws-introduction-to-generative-ai-art-of-the-possible,Coursera
Cloud Developer,Not Available,https://www.udacity.com/course/cloud-developer-nanodegree--nd9990,Udacity
Generative AI for Everyone,"Generative AI for Everyone Course by DeepLearning.AI, 4.8 stars, by 3.1K reviews, provide skills Generative AI, OpenAI, ChatGPT etc... Beginner level, 1 - 4 Weeks",https://www.coursera.org/learn/generative-ai-for-everyone,Coursera
Natural Language Processing,Not Available,https://www.udacity.com/course/natural-language-processing-nanodegree--nd892,Udacity
Data Structures and Algorithms,Not Available,https://www.udacity.com/course/data-structures-and-algorithms-nanodegree--nd256,Udacity
AI Programming with Python,Not Available,https://www.udacity.com/course/ai-programming-python-nanodegree--nd089,Udacity
Front End Web Developer,Not Available,https://www.udacity.com/course/front-end-web-developer-nanodegree--nd0011,Udacity
Natural Language Processing,Not Available,https://www.udacity.com/course/natural-language-processing-nanodegree--nd892,Udacity
Digital Transformation Using AI/ML with Google Cloud,"Digital Transformation Using AI/ML with Google Cloud Specialization by Google Cloud, 4.7 stars, by 7.3K reviews, provide skills Serverless Computing, Digital Transformation, Cloud Services etc... Beginner level, 3 - 6 Months",https://www.coursera.org/specializations/digital-transformation-using-ai-ml-with-google-cloud,Coursera
User Experience,Not Available,https://www.udacity.com/course/ux-designer-nanodegree--nd578,Udacity
Ethical AI Use,"Ethical AI Use free Course by Kennesaw State University, 4.9 stars, by 8 reviews, provide skills Data Ethics, ChatGPT, OpenAI etc... Beginner level, 1 - 4 Weeks",https://www.coursera.org/learn/ethical-ai-use,Coursera
Generative AI in Marketing,"Generative AI in Marketing Specialization by University of Virginia Darden School Foundation, 4.2 stars, by 77 reviews, provide skills Customer Insights, Design Thinking, Consumer Behaviour etc... Beginner level, 1 - 3 Months",https://www.coursera.org/specializations/generative-ai-in-marketing,Coursera
Build and Execute an Organisational AI Strategy,"Build and Execute an Organisational AI Strategy free Course by Coursera Instructor Network, 4.6 stars, by 18 reviews, provide skills Organizational Strategy, Governance, Strategic Leadership etc... Intermediate level, 1 - 4 Weeks",https://www.coursera.org/learn/build-and-execute-an-organisational-ai-strategy,Coursera
Digital Marketing,Not Available,https://www.udacity.com/course/digital-marketing-nanodegree--nd018,Udacity
IBM Generative AI for Cybersecurity Professionals,"IBM Generative AI for Cybersecurity Professionals Specialization by IBM, 4.7 stars, by 4.6K reviews, provide skills ChatGPT, Generative AI, Cyber Threat Intelligence etc... Intermediate level, 1 - 3 Months",https://www.coursera.org/specializations/generative-ai-for-cybersecurity-professionals,Coursera
AI Applications in Marketing and Finance,"AI Applications in Marketing and Finance Course by University of Pennsylvania, 4.6 stars, by 366 reviews, provide skills Big Data, Credit Risk, Risk Management etc... Mixed level, 1 - 4 Weeks",https://www.coursera.org/learn/wharton-ai-applications-marketing-finance,Coursera
Generative AI for Data Scientists,"Generative AI for Data Scientists Specialization by IBM, 4.7 stars, by 4.6K reviews, provide skills ChatGPT, Generative AI, Exploratory Data Analysis etc... Intermediate level, 1 - 3 Months",https://www.coursera.org/specializations/generative-ai-for-data-scientists,Coursera
Developing AI Applications on Azure,"Developing AI Applications on Azure Course by LearnQuest, 4.4 stars, by 976 reviews, provide skills Artificial Intelligence and Machine Learning (AI/ML), Microsoft Azure, Artificial Intelligence etc... Advanced level, 1 - 3 Months",https://www.coursera.org/learn/developing-ai-applications-azure,Coursera
AI Strategy and Governance,"AI Strategy and Governance Course by University of Pennsylvania, 4.8 stars, by 266 reviews, provide skills Data Ethics, Data Governance, Data Security etc... Beginner level, 1 - 4 Weeks",https://www.coursera.org/learn/wharton-ai-strategy-governance,Coursera
Team Software Engineering with AI,"Team Software Engineering with AI new Course by DeepLearning.AI, 4.7 stars, by 98 reviews, provide skills Software Documentation, Software Testing, Technical Documentation etc... Beginner level, 1 - 4 Weeks",https://www.coursera.org/learn/team-software-engineering-with-ai,Coursera
Business Analytics,Not Available,https://www.udacity.com/course/business-analytics-nanodegree--nd098,Udacity
Digital Marketing,Not Available,https://www.udacity.com/course/digital-marketing-nanodegree--nd018,Udacity
Product Manager,Not Available,https://www.udacity.com/course/product-manager-nanodegree--nd036,Udacity
Microsoft Copilot for Sales,"Microsoft Copilot for Sales new Specialization by Microsoft, 5.0 stars, by 6 reviews, provide skills Forecasting, Sales Strategy, Customer Analysis etc... Beginner level, 1 - 3 Months",https://www.coursera.org/specializations/microsoft-copilot-for-sales,Coursera
Adobe Marketing Specialist,"Adobe Marketing Specialist new Professional Certificate by Adobe, 4.6 stars, by 378 reviews, provide skills Content Marketing, Promotional Strategies, Social Media Content etc... Beginner level, 3 - 6 Months",https://www.coursera.org/professional-certificates/adobe-marketing-specialist,Coursera
Cloud DevOps Engineer,Not Available,https://www.udacity.com/course/cloud-dev-ops-nanodegree--nd9991,Udacity
Generative AI for Data Engineers,"Generative AI for Data Engineers Specialization by IBM, 4.7 stars, by 4.5K reviews, provide skills ChatGPT, Generative AI, Database Design etc... Intermediate level, 1 - 3 Months",https://www.coursera.org/specializations/generative-ai-for-data-engineers,Coursera
Introduction to Vertex AI Studio,"Introduction to Vertex AI Studio free Course by Google Cloud, 4.7 stars, by 206 reviews, provide skills Generative AI, Prototyping, Performance Tuning etc... Beginner level, 1 - 4 Weeks",https://www.coursera.org/learn/introduction-to-generative-ai-studio,Coursera
ChatGPT + Zapier: AI-Powered Email Mastery,"ChatGPT + Zapier: AI-Powered Email Mastery new Specialization by Vanderbilt University, 4.8 stars, by 5K reviews, provide skills ChatGPT, Calendar Management, Organizational Skills etc... Beginner level, 1 - 3 Months",https://www.coursera.org/specializations/chatgpt-zapier-email,Coursera
Data Scientist,Not Available,https://www.udacity.com/course/data-scientist-nanodegree--nd025,Udacity
IBM Machine Learning,"IBM Machine Learning Professional Certificate by IBM, 4.6 stars, by 2.9K reviews, provide skills Exploratory Data Analysis, Unsupervised Learning, Supervised Learning etc... Intermediate level, 3 - 6 Months",https://www.coursera.org/professional-certificates/ibm-machine-learning,Coursera
Generative AI: Foundation Models and Platforms,"Generative AI: Foundation Models and Platforms Course by IBM, 4.7 stars, by 169 reviews, provide skills Generative AI, OpenAI, IBM Cloud etc... Beginner level, 1 - 4 Weeks",https://www.coursera.org/learn/generative-ai-foundation-models-and-platforms,Coursera
Product Manager,Not Available,https://www.udacity.com/course/product-manager-nanodegree--nd036,Udacity
Digital Transformation Using AI/ML with Google Cloud,"Digital Transformation Using AI/ML with Google Cloud Specialization by Google Cloud, 4.7 stars, by 7.3K reviews, provide skills Serverless Computing, Digital Transformation, Cloud Services etc... Beginner level, 3 - 6 Months",https://www.coursera.org/specializations/digital-transformation-using-ai-ml-with-google-cloud,Coursera
Digital Marketing,Not Available,https://www.udacity.com/course/digital-marketing-nanodegree--nd018,Udacity
Generative AI in HR - Impact and Application of Gen AI,"Generative AI in HR - Impact and Application of Gen AI Course by Board Infinity, 4.3 stars, by 183 reviews, provide skills HR Tech, People Analytics, Human Resources etc... Beginner level, 1 - 4 Weeks",https://www.coursera.org/learn/generative-ai-in-hr,Coursera
Deep Learning,Not Available,https://www.udacity.com/course/deep-learning-nanodegree--nd101,Udacity
Generative AI for Legal Services Primer,"Generative AI for Legal Services Primer Course by Vanderbilt University, 4.8 stars, by 37 reviews, provide skills Generative AI, Data Ethics, ChatGPT etc... Beginner level, 1 - 4 Weeks",https://www.coursera.org/learn/generative-ai-for-legal-services-primer,Coursera
Product Analytics and AI,"Product Analytics and AI Course by University of Virginia, 4.7 stars, by 474 reviews, provide skills Analytics, Business Analytics, Usability Testing etc... Beginner level, 1 - 4 Weeks",https://www.coursera.org/learn/uva-darden-agile-analytics,Coursera
IntelÂ® AI Fundamentals,"IntelÂ® AI Fundamentals Specialization by Intel, 4.1 stars, by 66 reviews, provide skills Artificial Intelligence, Business Technologies, Complex Problem Solving etc... Beginner level, 1 - 4 Weeks",https://www.coursera.org/specializations/intel-ai-fundamental,Coursera
Generative AI Engineering with LLMs,"Generative AI Engineering with LLMs new Specialization by IBM, 4.5 stars, by 282 reviews, provide skills Generative AI, Natural Language Processing, PyTorch (Machine Learning Library) etc... Intermediate level, 3 - 6 Months",https://www.coursera.org/specializations/generative-ai-engineering-with-llms,Coursera
IBM Data Science,"IBM Data Science Professional Certificate by IBM, 4.6 stars, by 140K reviews, provide skills Dashboard, Data Visualization Software, Data Wrangling etc... Beginner level, 3 - 6 Months",https://www.coursera.org/professional-certificates/ibm-data-science,Coursera
Cybersecurity for Everyone,"Cybersecurity for Everyone free Course by University of Maryland, College Park, 4.7 stars, by 2.7K reviews, provide skills Cyber Risk, Cyber Security Policies, Security Management etc... Beginner level, 1 - 3 Months",https://www.coursera.org/learn/cybersecurity-for-everyone,Coursera
Introduction to Programming,Not Available,https://www.udacity.com/course/intro-to-programming-nanodegree--nd000,Udacity
Foundations of AI and Machine Learning,"Foundations of AI and Machine Learning new Course by Microsoft, 4.6 stars, by 51 reviews, provide skills Data Management, Artificial Intelligence and Machine Learning (AI/ML), Infrastructure Architecture etc... Intermediate level, 1 - 3 Months",https://www.coursera.org/learn/foundations-of-ai-and-machine-learning,Coursera
Leadership Strategies for AI and Generative AI,"Leadership Strategies for AI and Generative AI Specialization by Fractal Analytics, 4.6 stars, by 134 reviews, provide skills Data Ethics, Human Centered Design, Problem Solving etc... Beginner level, 3 - 6 Months",https://www.coursera.org/specializations/leadership-strategies-for-ai-and-generative-ai,Coursera
React,Not Available,https://www.udacity.com/course/react-nanodegree--nd019,Udacity
AI for Course Design,"AI for Course Design Course by University of Colorado Boulder, 4.0 stars, by 18 reviews, provide skills Generative AI, Artificial Intelligence, Data Ethics etc... Beginner level, 1 - 4 Weeks",https://www.coursera.org/learn/ai-for-course-design,Coursera
React,Not Available,https://www.udacity.com/course/react-nanodegree--nd019,Udacity
AI Product Management,"AI Product Management Specialization by Duke University, 4.7 stars, by 719 reviews, provide skills Deep Learning, MLOps (Machine Learning Operations), Data Ethics etc... Beginner level, 3 - 6 Months",https://www.coursera.org/specializations/ai-product-management-duke,Coursera
AI for Good,"AI for Good Specialization by DeepLearning.AI, 4.7 stars, by 446 reviews, provide skills Disaster Recovery, Data Analysis, Jupyter etc... Beginner level, 1 - 3 Months",https://www.coursera.org/specializations/ai-for-good,Coursera
AI Essentials,"AI Essentials  Course by Intel, 4.1 stars, by 62 reviews, provide skills Artificial Intelligence, Artificial Intelligence and Machine Learning (AI/ML), Generative AI etc... Beginner level, 1 - 4 Weeks",https://www.coursera.org/learn/ai-essentials,Coursera
Successful AI Strategies: A CEO's Perspective,"Successful AI Strategies: A CEO's Perspective Course by Fractal Analytics, 4.7 stars, by 11 reviews, provide skills Strategic Leadership, Generative AI, Business Strategy etc... Intermediate level, 1 - 3 Months",https://www.coursera.org/learn/successful-ai-strategies-ceos-perspective,Coursera
DeepLearning.AI TensorFlow Developer,"DeepLearning.AI TensorFlow Developer Professional Certificate by DeepLearning.AI, 4.7 stars, by 25K reviews, provide skills Tensorflow, Computer Vision, Image Analysis etc... Intermediate level, 3 - 6 Months",https://www.coursera.org/professional-certificates/tensorflow-in-practice,Coursera
"AI, Business & the Future of Work","AI, Business & the Future of Work free Course by Lund University, 4.6 stars, by 1.5K reviews, provide skills Organizational Strategy, Artificial Intelligence, Strategic Thinking etc... Beginner level, 1 - 4 Weeks",https://www.coursera.org/learn/ai-business-future-of-work,Coursera
Product Manager,Not Available,https://www.udacity.com/course/product-manager-nanodegree--nd036,Udacity
Cloud Developer,Not Available,https://www.udacity.com/course/cloud-developer-nanodegree--nd9990,Udacity
C++,Not Available,https://www.udacity.com/course/c-plus-plus-nanodegree--nd213,Udacity
Programming for Data Science with Python,Not Available,https://www.udacity.com/course/programming-for-data-science-nanodegree--nd104,Udacity
Deep Learning,Not Available,https://www.udacity.com/course/deep-learning-nanodegree--nd101,Udacity
Full Stack Web Developer,Not Available,https://www.udacity.com/course/full-stack-web-developer-nanodegree--nd0044,Udacity
Vertex AI Search for Retail,"Vertex AI Search for Retail Specialization by Google Cloud, 4.6 stars, by 16K reviews, provide skills Dataflow, Google Cloud Platform, Data Pipelines etc... Beginner level, 3 - 6 Months",https://www.coursera.org/specializations/vertex-ai-search-for-retail,Coursera
Generative AI for Project Managers,"Generative AI for Project Managers Specialization by IBM, SkillUp EdTech, 4.7 stars, by 4.6K reviews, provide skills ChatGPT, Generative AI, OpenAI etc... Intermediate level, 1 - 3 Months",https://www.coursera.org/specializations/generative-ai-for-project-managers,Coursera
IBM Product Manager,"IBM Product Manager Professional Certificate by IBM, SkillUp EdTech, 4.8 stars, by 3.2K reviews, provide skills New Product Development, Product Management, Product Lifecycle Management etc... Beginner level, 3 - 6 Months",https://www.coursera.org/professional-certificates/ibm-product-manager,Coursera
User Awareness and Education for Generative AI,"User Awareness and Education for Generative AI  free Course by Coursera Instructor Network, 4.5 stars, by 19 reviews, provide skills Data Ethics, Generative AI, Artificial Intelligence etc... Beginner level, 1 - 4 Weeks",https://www.coursera.org/learn/user-awareness-and-education-for-generative-ai,Coursera
Introduction to Programming,Not Available,https://www.udacity.com/course/intro-to-programming-nanodegree--nd000,Udacity
AI for Everyday Life,"AI for Everyday Life free Course by Kennesaw State University, 4.7 stars, by 59 reviews, provide skills Generative AI, ChatGPT, Data Ethics etc... Beginner level, 1 - 4 Weeks",https://www.coursera.org/learn/ai-for-everyday-life,Coursera
Introduction to AI and Machine Learning on GC - EspaÃ±ol,"Introduction to AI and Machine Learning on GC - EspaÃ±ol Course by Google Cloud, 4.0 stars, by 7 reviews, provide skills Generative AI, Google Cloud Platform, MLOps (Machine Learning Operations) etc... Beginner level, 1 - 3 Months",https://www.coursera.org/learn/introduction-to-ai-and-machine-learning-on-gc---es,Coursera
AI for Knowledge Workers,"AI for Knowledge Workers new Course by University of California, Davis, 4.7 stars, provide skills Generative AI, ChatGPT, OpenAI etc... Beginner level, 1 - 4 Weeks",https://www.coursera.org/learn/ai-for-knowledge-workers,Coursera
Data Scientist,Not Available,https://www.udacity.com/course/data-scientist-nanodegree--nd025,Udacity
Microsoft Copilot for Software Development,"Microsoft Copilot for Software Development new Specialization by Microsoft, 4.8 stars, by 28 reviews, provide skills Generative AI, Code Review, Test Case etc... Intermediate level, 1 - 3 Months",https://www.coursera.org/specializations/microsoft-copilot-for-software-development,Coursera
AI for Lawyers: Communication and Creativity,"AI for Lawyers: Communication and Creativity new Course by University of Michigan, 4.7 stars, provide skills Creativity, Creative Thinking, Presentations etc... Beginner level, 1 - 4 Weeks",https://www.coursera.org/learn/ai-for-lawyers-communication-and-creativity,Coursera
Prompt Engineering Generative AI for Marketing & Advertising,"Prompt Engineering Generative AI for Marketing & Advertising Guided Project by Coursera Project Network, 4.4 stars, by 44 reviews, provide skills Generative AI, A/B Testing, Marketing Materials etc... Beginner level, Less Than 2 Hours",https://www.coursera.org/projects/prompt-engineering-generative-ai-for-marketing-advertising,Coursera
Exploring Artificial Intelligence Use Cases and Applications,"Exploring Artificial Intelligence Use Cases and Applications free Course by Amazon Web Services, 4.6 stars, by 43 reviews, provide skills Generative AI, Business Metrics, Applied Machine Learning etc... Beginner level, 1 - 4 Weeks",https://www.coursera.org/learn/exploring-artificial-intelligence-use-cases-and-applications,Coursera
Generative AI for Mobile App Developers,"Generative AI for Mobile App Developers new Specialization by IBM, SkillUp EdTech, 4.7 stars, by 4.6K reviews, provide skills ChatGPT, Generative AI, Mobile Development etc... Advanced level, 1 - 3 Months",https://www.coursera.org/specializations/generative-ai-for-mobile-app-developers,Coursera
ChatGPT for Project Management - Leveraging AI for Success,"ChatGPT for Project Management - Leveraging AI for Success new Specialization by Vanderbilt University, 4.8 stars, by 5.1K reviews, provide skills ChatGPT, Project Planning, Generative AI etc... Beginner level, 1 - 3 Months",https://www.coursera.org/specializations/chatgpt-project-management,Coursera
User Experience,Not Available,https://www.udacity.com/course/ux-designer-nanodegree--nd578,Udacity
Data Analyst,Not Available,https://www.udacity.com/course/data-analyst-nanodegree--nd002,Udacity
Introduction to Programming,Not Available,https://www.udacity.com/course/intro-to-programming-nanodegree--nd000,Udacity
Programming for Data Science with Python,Not Available,https://www.udacity.com/course/programming-for-data-science-nanodegree--nd104,Udacity
Introduction to Machine Learning on AWS,"Introduction to Machine Learning on AWS Course by Amazon Web Services, 4.5 stars, by 129 reviews, provide skills AWS SageMaker, Artificial Intelligence and Machine Learning (AI/ML), Amazon Web Services etc... Beginner level, 1 - 4 Weeks",https://www.coursera.org/learn/machine-learning-on-aws,Coursera
AI Concepts and Strategy,"AI Concepts and Strategy Course by Rutgers the State University of New Jersey, 4.4 stars, by 13 reviews, provide skills OpenAI, Generative AI, Artificial Intelligence etc... Beginner level, 1 - 4 Weeks",https://www.coursera.org/learn/ai-strategy,Coursera
"Improving Deep Neural Networks: Hyperparameter Tuning, Regularization and Optimization","Improving Deep Neural Networks: Hyperparameter Tuning, Regularization and Optimization Course by DeepLearning.AI, 4.9 stars, by 63K reviews, provide skills Tensorflow, Deep Learning, Artificial Intelligence and Machine Learning (AI/ML) etc... Intermediate level, 1 - 4 Weeks",https://www.coursera.org/learn/deep-neural-network,Coursera
Introduction to Generative AI - EspaÃ±ol,"Introduction to Generative AI - EspaÃ±ol free Course by Google Cloud, 4.6 stars, by 212 reviews, provide skills Generative AI, Application Development, Artificial Intelligence etc... Beginner level, 1 - 4 Weeks",https://www.coursera.org/learn/introduction-to-generative-ai---locales,Coursera
Programming for Data Science with Python,Not Available,https://www.udacity.com/course/programming-for-data-science-nanodegree--nd104,Udacity
Front End Web Developer,Not Available,https://www.udacity.com/course/front-end-web-developer-nanodegree--nd0011,Udacity
Landing.AI for Beginners: Build Data Visualization AI Models,"Landing.AI for Beginners: Build Data Visualization AI Models free Course by Coursera Project Network, 5.0 stars, provide skills Generative AI, Image Analysis, Application Deployment etc... Beginner level, 1 - 4 Weeks",https://www.coursera.org/learn/landing-ai-for-beginners-build-data-visualization-ai-models,Coursera
AI for Business: Generation & Prediction,"AI for Business: Generation & Prediction free Course by Coursera Instructor Network, 4.5 stars, by 78 reviews, provide skills Generative AI, Artificial Intelligence, Strategic Thinking etc... Beginner level, 1 - 4 Weeks",https://www.coursera.org/learn/ai-for-business-generation-and-prediction,Coursera
Microsoft AI & ML Engineering,"Microsoft AI & ML Engineering new Professional Certificate by Microsoft, 4.6 stars, by 57 reviews, provide skills Unsupervised Learning, Generative AI, Data Management etc... Intermediate level, 3 - 6 Months",https://www.coursera.org/professional-certificates/microsoft-ai-and-ml-engineering,Coursera
AI in Education: Leveraging ChatGPT for Teaching,"AI in Education: Leveraging ChatGPT for Teaching new Course by University of Pennsylvania, 4.7 stars, by 99 reviews, provide skills Data Ethics, ChatGPT, Generative AI etc... Beginner level, 1 - 4 Weeks",https://www.coursera.org/learn/wharton-ai-in-education-leveraging-chatgpt-for-teaching,Coursera
Computer Vision,Not Available,https://www.udacity.com/course/computer-vision-nanodegree--nd891,Udacity
Data Engineering with AWS,Not Available,https://www.udacity.com/course/data-engineer-nanodegree--nd027,Udacity
AI for Mechanical Engineers,"AI for Mechanical Engineers new Specialization by University of Michigan, 4.4 stars, by 19 reviews, provide skills Artificial Intelligence and Machine Learning (AI/ML), Generative AI, Machine Learning etc... Intermediate level, 1 - 3 Months",https://www.coursera.org/specializations/ai-for-mechanical-engineers,Coursera
Exam Prep AI-102: Microsoft Azure AI Engineer Associate,"Exam Prep AI-102: Microsoft Azure AI Engineer Associate Course by Whizlabs, 3.3 stars, by 18 reviews, provide skills Microsoft Azure, Data Ethics, Natural Language Processing etc... Intermediate level, 1 - 3 Months",https://www.coursera.org/learn/ai-102-microsoft-azure-ai-engineer-associate-course,Coursera
AI for Medicine,"AI for Medicine Specialization by DeepLearning.AI, 4.7 stars, by 2.4K reviews, provide skills Deep Learning, Statistical Analysis, Clinical Trials etc... Intermediate level, 1 - 3 Months",https://www.coursera.org/specializations/ai-for-medicine,Coursera
Prompt Engineering for Law,"Prompt Engineering for Law Specialization by Vanderbilt University, 4.8 stars, by 5.2K reviews, provide skills ChatGPT, Generative AI, OpenAI etc... Beginner level, 1 - 3 Months",https://www.coursera.org/specializations/prompt-engineering-for-law,Coursera
Generative AI for Leaders,"Generative AI for Leaders Course by Vanderbilt University, 4.8 stars, by 365 reviews, provide skills Succession Planning, Business Writing, Generative AI etc... Beginner level, 1 - 4 Weeks",https://www.coursera.org/learn/generative-ai-for-leaders,Coursera
AI Programming with Python,Not Available,https://www.udacity.com/course/ai-programming-python-nanodegree--nd089,Udacity
AI Foundations for Everyone,"AI Foundations for Everyone Specialization by IBM, 4.7 stars, by 23K reviews, provide skills ChatGPT, Generative AI, Artificial Intelligence etc... Beginner level, 3 - 6 Months",https://www.coursera.org/specializations/ai-foundations-for-everyone,Coursera
Artificial Intelligence (AI) Education for Teachers,"Artificial Intelligence (AI) Education for Teachers free Course by Macquarie University, IBM, 4.7 stars, by 812 reviews, provide skills Computational Thinking, Design Thinking, Artificial Intelligence etc... Beginner level, 1 - 3 Months",https://www.coursera.org/learn/artificial-intelligence-education-for-teachers,Coursera
Generative AI for Software Development,"Generative AI for Software Development new Professional Certificate by DeepLearning.AI, 4.6 stars, by 456 reviews, provide skills Database Design, Software Documentation, Software Design Patterns etc... Beginner level, 1 - 3 Months",https://www.coursera.org/professional-certificates/generative-ai-for-software-development,Coursera
Full Stack Web Developer,Not Available,https://www.udacity.com/course/full-stack-web-developer-nanodegree--nd0044,Udacity
"ChatGPT: Excel at Personal Automation with GPTs, AI & Zapier","ChatGPT: Excel at Personal Automation with GPTs, AI & Zapier Specialization by Vanderbilt University, 4.8 stars, by 5.3K reviews, provide skills ChatGPT, Generative AI, OpenAI etc... Beginner level, 3 - 6 Months",https://www.coursera.org/specializations/chatgpt-gpt-zapier-excel-at-automation,Coursera
AI for Professional Communication,"AI for Professional Communication Course by Kennesaw State University, 4.8 stars, by 6 reviews, provide skills Business Correspondence, Target Audience, Business Communication etc... Beginner level, 1 - 4 Weeks",https://www.coursera.org/learn/ai-for-professional-communication,Coursera
Build and Execute an Organisational AI Strategy,"Build and Execute an Organisational AI Strategy free Course by Coursera Instructor Network, 4.6 stars, by 18 reviews, provide skills Organizational Strategy, Governance, Strategic Leadership etc... Intermediate level, 1 - 4 Weeks",https://www.coursera.org/learn/build-and-execute-an-organisational-ai-strategy,Coursera
AI for Creative Work,"AI for Creative Work new Specialization by University of Michigan, 4.8 stars, by 21 reviews, provide skills Data Ethics, Generative AI, Artificial Intelligence etc... Beginner level, 3 - 6 Months",https://www.coursera.org/specializations/ai-for-creative-work,Coursera
AI and Public Health,"AI and Public Health Course by DeepLearning.AI, 4.8 stars, by 216 reviews, provide skills Data Analysis, Jupyter, Exploratory Data Analysis etc... Beginner level, 1 - 4 Weeks",https://www.coursera.org/learn/ai-and-public-health,Coursera
Oracle Cloud Infrastructure AI Foundations,"Oracle Cloud Infrastructure AI Foundations new free Course by Oracle, provide skills Generative AI, Oracle Cloud, Supervised Learning etc... Beginner level, 1 - 4 Weeks",https://www.coursera.org/learn/oracle-cloud-infrastructure-ai-foundations,Coursera
Microsoft Copilot for Marketing,"Microsoft Copilot for Marketing new Specialization by Microsoft, 4.7 stars, by 19 reviews, provide skills Customer Insights, Customer Analysis, Persona Development etc... Beginner level, 1 - 3 Months",https://www.coursera.org/specializations/microsoft-copilotformarketing,Coursera
Front End Web Developer,Not Available,https://www.udacity.com/course/front-end-web-developer-nanodegree--nd0011,Udacity
AI Applications in People Management,"AI Applications in People Management  Course by University of Pennsylvania, 4.8 stars, by 239 reviews, provide skills HR Tech, Human Resources, Data Ethics etc... Mixed level, 1 - 4 Weeks",https://www.coursera.org/learn/wharton-ai-applications-people-management,Coursera
Human Factors in AI,"Human Factors in AI Course by Duke University, 4.7 stars, by 113 reviews, provide skills Data Ethics, Human Computer Interaction, User Experience Design etc... Beginner level, 1 - 4 Weeks",https://www.coursera.org/learn/human-factors-in-artificial-intelligence,Coursera
AI Workflow: Enterprise Model Deployment,"AI Workflow: Enterprise Model Deployment Course by IBM, 4.2 stars, by 53 reviews, provide skills Apache Spark, Data Pipelines, MLOps (Machine Learning Operations) etc... Advanced level, 1 - 4 Weeks",https://www.coursera.org/learn/ibm-ai-workflow-machine-learning-model-deployment,Coursera
ChatGPT & Zapier: Agentic AI for Everyone,"ChatGPT & Zapier: Agentic AI for Everyone Course by Vanderbilt University, 4.7 stars, by 58 reviews, provide skills Generative AI, ChatGPT, Expense Management etc... Beginner level, 1 - 4 Weeks",https://www.coursera.org/learn/agentic-ai-chatgpt-zapier,Coursera
C++,Not Available,https://www.udacity.com/course/c-plus-plus-nanodegree--nd213,Udacity
Microsoft Power BI Data Analyst,"Microsoft Power BI Data Analyst Professional Certificate by Microsoft, 4.6 stars, by 6.5K reviews, provide skills Data Storytelling, Dashboard, Excel Formulas etc... Beginner level, 3 - 6 Months",https://www.coursera.org/professional-certificates/microsoft-power-bi-data-analyst,Coursera
Microsoft Copilot for Sales,"Microsoft Copilot for Sales new Specialization by Microsoft, 5.0 stars, by 6 reviews, provide skills Forecasting, Sales Strategy, Customer Analysis etc... Beginner level, 1 - 3 Months",https://www.coursera.org/specializations/microsoft-copilot-for-sales,Coursera
Microsoft AI & ML Engineering,"Microsoft AI & ML Engineering new Professional Certificate by Microsoft, 4.6 stars, by 57 reviews, provide skills Unsupervised Learning, Generative AI, Data Management etc... Intermediate level, 3 - 6 Months",https://www.coursera.org/professional-certificates/microsoft-ai-and-ml-engineering,Coursera
The AI Awakening: Implications for the Economy and Society,"The AI Awakening: Implications for the Economy and Society Course by Stanford University, 4.7 stars, by 79 reviews, provide skills Generative AI, Workforce Development, OpenAI etc... Beginner level, 1 - 4 Weeks",https://www.coursera.org/learn/ai-awakening,Coursera
Computer Vision,Not Available,https://www.udacity.com/course/computer-vision-nanodegree--nd891,Udacity
Cloud Developer,Not Available,https://www.udacity.com/course/cloud-developer-nanodegree--nd9990,Udacity
Front End Web Developer,Not Available,https://www.udacity.com/course/front-end-web-developer-nanodegree--nd0011,Udacity
React,Not Available,https://www.udacity.com/course/react-nanodegree--nd019,Udacity
AI for Design and Optimization,"AI for Design and Optimization new Course by University of Michigan, 4.1 stars, by 9 reviews, provide skills Artificial Intelligence and Machine Learning (AI/ML), Generative AI, Artificial Intelligence etc... Intermediate level, 1 - 4 Weeks",https://www.coursera.org/learn/ai-for-design-and-optimization,Coursera
Introduction to Generative AI for Software Development,"Introduction to Generative AI for Software Development new Course by DeepLearning.AI, 4.7 stars, by 387 reviews, provide skills ChatGPT, Generative AI, Code Review etc... Beginner level, 1 - 4 Weeks",https://www.coursera.org/learn/introduction-to-generative-ai-for-software-development,Coursera
Leveraging AI for Enhanced Content Creation,"Leveraging AI for Enhanced Content Creation  free Course by Coursera Instructor Network, 4.6 stars, by 103 reviews, provide skills Generative AI, Advertising, Advertising Campaigns etc... Beginner level, 1 - 4 Weeks",https://www.coursera.org/learn/leveraging-ai-for-enhanced-content-creation,Coursera
OpenAI for Beginners: AI Assistants for Project Managers,"OpenAI for Beginners: AI Assistants for Project Managers free Guided Project by Coursera Project Network, 3.3 stars, by 10 reviews, provide skills Generative AI, Application Deployment, Project Management Software etc... Beginner level, Less Than 2 Hours",https://www.coursera.org/projects/openai-for-beginners-ai-assistants-for-project-managers,Coursera
Key Technologies for Business,"Key Technologies for Business Specialization by IBM, 4.7 stars, by 97K reviews, provide skills Cloud Computing Architecture, Cloud Services, Cloud Security etc... Beginner level, 3 - 6 Months",https://www.coursera.org/specializations/key-technologies-for-business,Coursera
Data Engineering with AWS,Not Available,https://www.udacity.com/course/data-engineer-nanodegree--nd027,Udacity
Natural Language Processing,Not Available,https://www.udacity.com/course/natural-language-processing-nanodegree--nd892,Udacity
AI for Good,"AI for Good Specialization by DeepLearning.AI, 4.7 stars, by 446 reviews, provide skills Disaster Recovery, Data Analysis, Jupyter etc... Beginner level, 1 - 3 Months",https://www.coursera.org/specializations/ai-for-good,Coursera
iOS Development with SwiftUI and SwiftData,Not Available,https://www.udacity.com/course/ios-developer-nanodegree--nd003,Udacity
ChatGPT for Beginners: Using AI for Market Research,"ChatGPT for Beginners: Using AI for Market Research Guided Project by Coursera Project Network, 4.4 stars, by 67 reviews, provide skills ChatGPT, Market Research, Market Analysis etc... Beginner level, Less Than 2 Hours",https://www.coursera.org/projects/chatgpt-for-beginners-market-research-ai,Coursera
Meta Social Media Marketing,"Meta Social Media Marketing Professional Certificate by Meta, 4.8 stars, by 21K reviews, provide skills Social Media Management, Social Media Marketing, Social Media etc... Beginner level, 3 - 6 Months",https://www.coursera.org/professional-certificates/facebook-social-media-marketing,Coursera
Data Engineering with AWS,Not Available,https://www.udacity.com/course/data-engineer-nanodegree--nd027,Udacity
AI and Disaster Management,"AI and Disaster Management Course by DeepLearning.AI, 4.7 stars, by 199 reviews, provide skills Disaster Recovery, Image Analysis, Data Ethics etc... Beginner level, 1 - 4 Weeks",https://www.coursera.org/learn/ai-and-disaster-management,Coursera
Product Manager,Not Available,https://www.udacity.com/course/product-manager-nanodegree--nd036,Udacity
Generative AI: Prompt Engineering Basics,"Generative AI: Prompt Engineering Basics Course by IBM, 4.8 stars, by 3K reviews, provide skills ChatGPT, Generative AI, IBM Cloud etc... Beginner level, 1 - 4 Weeks",https://www.coursera.org/learn/generative-ai-prompt-engineering-for-everyone,Coursera
IBM AI Developer,"IBM AI Developer Professional Certificate by IBM, 4.6 stars, by 64K reviews, provide skills Generative AI, Software Development Life Cycle, Unit Testing etc... Beginner level, 3 - 6 Months",https://www.coursera.org/professional-certificates/applied-artifical-intelligence-ibm-watson-ai,Coursera
Introduction to Artificial Intelligence (AI),"Introduction to Artificial Intelligence (AI) Course by IBM, 4.7 stars, by 17K reviews, provide skills Artificial Intelligence, Generative AI, Data Ethics etc... Beginner level, 1 - 4 Weeks",https://www.coursera.org/learn/introduction-to-ai,Coursera
Business Analytics,Not Available,https://www.udacity.com/course/business-analytics-nanodegree--nd098,Udacity
Structuring Machine Learning Projects,"Structuring Machine Learning Projects Course by DeepLearning.AI, 4.8 stars, by 50K reviews, provide skills Deep Learning, Artificial Intelligence and Machine Learning (AI/ML), Applied Machine Learning etc... Beginner level, 1 - 4 Weeks",https://www.coursera.org/learn/machine-learning-projects,Coursera
Computer Vision,Not Available,https://www.udacity.com/course/computer-vision-nanodegree--nd891,Udacity
IBM & Darden Digital Strategy,"IBM & Darden Digital Strategy Specialization by IBM, University of Virginia Darden School Foundation, 4.7 stars, by 42K reviews, provide skills Strategic Thinking, Digital Transformation, Business Strategy etc... Beginner level, 3 - 6 Months",https://www.coursera.org/specializations/digital-strategy,Coursera
Natural Language Processing,Not Available,https://www.udacity.com/course/natural-language-processing-nanodegree--nd892,Udacity
Deep Learning,Not Available,https://www.udacity.com/course/deep-learning-nanodegree--nd101,Udacity
iOS Development with SwiftUI and SwiftData,Not Available,https://www.udacity.com/course/ios-developer-nanodegree--nd003,Udacity
AI in Education: Leveraging ChatGPT for Teaching,"AI in Education: Leveraging ChatGPT for Teaching new Course by University of Pennsylvania, 4.7 stars, by 99 reviews, provide skills Data Ethics, ChatGPT, Generative AI etc... Beginner level, 1 - 4 Weeks",https://www.coursera.org/learn/wharton-ai-in-education-leveraging-chatgpt-for-teaching,Coursera
Deep Learning,Not Available,https://www.udacity.com/course/deep-learning-nanodegree--nd101,Udacity
Data Scientist,Not Available,https://www.udacity.com/course/data-scientist-nanodegree--nd025,Udacity
Natural Language Processing,Not Available,https://www.udacity.com/course/natural-language-processing-nanodegree--nd892,Udacity
AI in Healthcare,"AI in Healthcare Specialization by Stanford University, 4.7 stars, by 2K reviews, provide skills Feature Engineering, Pharmaceuticals, Data Ethics etc... Beginner level, 3 - 6 Months",https://www.coursera.org/specializations/ai-healthcare,Coursera
AI Workflow: AI in Production,"AI Workflow: AI in Production Course by IBM, 4.5 stars, by 49 reviews, provide skills Application Deployment, MLOps (Machine Learning Operations), Unit Testing etc... Advanced level, 1 - 4 Weeks",https://www.coursera.org/learn/ibm-ai-workflow-ai-production,Coursera
ChatGPT Prompt Engineering for Developers,"ChatGPT Prompt Engineering for Developers free Project by DeepLearning.AI, 4.7 stars, by 1.4K reviews, provide skills ChatGPT, OpenAI, Generative AI etc... Beginner level, Less Than 2 Hours",https://www.coursera.org/projects/chatgpt-prompt-engineering-for-developers-project,Coursera
Generative AI for Executives and Business Leaders,"Generative AI for Executives and Business Leaders new Specialization by IBM, 4.7 stars, by 378 reviews, provide skills Risk Mitigation, Generative AI, Risk Analysis etc... Intermediate level, 1 - 4 Weeks",https://www.coursera.org/specializations/generative-ai-for-executives-and-business-leaders,Coursera
Generative AI Essentials: Overview and Impact,"Generative AI Essentials: Overview and Impact Course by University of Michigan, 4.6 stars, by 184 reviews, provide skills ChatGPT, Generative AI, Natural Language Processing etc... Beginner level, 1 - 4 Weeks",https://www.coursera.org/learn/generative-ai-essentials,Coursera
Generative AI with Large Language Models,"Generative AI with Large Language Models Course by DeepLearning.AI, Amazon Web Services, 4.8 stars, by 3.2K reviews, provide skills Generative AI, OpenAI, ChatGPT etc... Intermediate level, 1 - 4 Weeks",https://www.coursera.org/learn/generative-ai-with-llms,Coursera
Digital Marketing,Not Available,https://www.udacity.com/course/digital-marketing-nanodegree--nd018,Udacity
Developing Explainable AI (XAI),"Developing Explainable AI (XAI) new Course by Duke University, 4.5 stars, by 15 reviews, provide skills Data Ethics, Generative AI, Artificial Intelligence etc... Intermediate level, 1 - 4 Weeks",https://www.coursera.org/learn/explainable-ai-xai,Coursera
Data Structures and Algorithms,Not Available,https://www.udacity.com/course/data-structures-and-algorithms-nanodegree--nd256,Udacity
Coding with Generative AI,"Coding with Generative AI Course by Fractal Analytics, 4.4 stars, by 14 reviews, provide skills Generative AI, Object Oriented Programming (OOP), Artificial Neural Networks etc... Intermediate level, 1 - 4 Weeks",https://www.coursera.org/learn/introduction-coding-with-generative-ai,Coursera
AI & Law,"AI & Law  Course by Lund University, 4.7 stars, by 637 reviews, provide skills Law, Regulation, and Compliance, Artificial Intelligence, Labor Law etc... Beginner level, 1 - 4 Weeks",https://www.coursera.org/learn/ai-law,Coursera
"Generative AI: Fundamentals, Applications, and Challenges","Generative AI: Fundamentals, Applications, and Challenges Course by University of Michigan, 4.7 stars, by 51 reviews, provide skills Generative AI, OpenAI, Data Ethics etc... Beginner level, 1 - 4 Weeks",https://www.coursera.org/learn/generative-ai-fundamentals-applications-and-challenges,Coursera
Generative AI for Data Scientists,"Generative AI for Data Scientists Specialization by IBM, 4.7 stars, by 4.6K reviews, provide skills ChatGPT, Generative AI, Exploratory Data Analysis etc... Intermediate level, 1 - 3 Months",https://www.coursera.org/specializations/generative-ai-for-data-scientists,Coursera
Fundamentals of Machine Learning and Artificial Intelligence,"Fundamentals of Machine Learning and Artificial Intelligence free Course by Amazon Web Services, 4.5 stars, by 240 reviews, provide skills Artificial Intelligence and Machine Learning (AI/ML), Generative AI, Deep Learning etc... Mixed level, 1 - 4 Weeks",https://www.coursera.org/learn/fundamentals-of-machine-learning-and-artificial-intelligence,Coursera
Introduction to Programming,Not Available,https://www.udacity.com/course/intro-to-programming-nanodegree--nd000,Udacity
React,Not Available,https://www.udacity.com/course/react-nanodegree--nd019,Udacity
AI Programming with Python,Not Available,https://www.udacity.com/course/ai-programming-python-nanodegree--nd089,Udacity
Generative AI Primer,"Generative AI Primer Course by Vanderbilt University, 4.8 stars, by 255 reviews, provide skills Generative AI, ChatGPT, Artificial Intelligence etc... Beginner level, 1 - 4 Weeks",https://www.coursera.org/learn/generative-ai,Coursera
Generative AI Leadership & Strategy,"Generative AI Leadership & Strategy Specialization by Vanderbilt University, 4.8 stars, by 5.6K reviews, provide skills ChatGPT, Ideation, Verification And Validation etc... Beginner level, 1 - 3 Months",https://www.coursera.org/specializations/generative-ai-leadership-strategy,Coursera
AI for Trading,Not Available,https://www.udacity.com/course/ai-for-trading--nd880,Udacity
OpenAI GPTs: Creating Your Own Custom AI Assistants,"OpenAI GPTs: Creating Your Own Custom AI Assistants Course by Vanderbilt University, 4.9 stars, by 298 reviews, provide skills Generative AI, ChatGPT, OpenAI etc... Beginner level, 1 - 4 Weeks",https://www.coursera.org/learn/openai-custom-gpts,Coursera
IBM Relational Database Administrator,"IBM Relational Database Administrator new Professional Certificate by IBM, 4.6 stars, by 56K reviews, provide skills Data Warehousing, SQL, Extract, Transform, Load etc... Intermediate level, 3 - 6 Months",https://www.coursera.org/professional-certificates/ibm-relational-database-administrator,Coursera
Programming with Generative AI,"Programming with Generative AI Course by Indian Institute of Technology Guwahati, 4.7 stars, by 70 reviews, provide skills Generative AI, GitHub, OpenAI etc... Beginner level, 1 - 4 Weeks",https://www.coursera.org/learn/programming-with-generative-ai,Coursera
Supervised Machine Learning: Regression and Classification,"Supervised Machine Learning: Regression and Classification  Course by DeepLearning.AI, Stanford University, 4.9 stars, by 27K reviews, provide skills Supervised Learning, Applied Machine Learning, Jupyter etc... Beginner level, 1 - 4 Weeks",https://www.coursera.org/learn/machine-learning,Coursera
Introduction to Programming,Not Available,https://www.udacity.com/course/intro-to-programming-nanodegree--nd000,Udacity
Cloud DevOps Engineer,Not Available,https://www.udacity.com/course/cloud-dev-ops-nanodegree--nd9991,Udacity
Generative AI for Software Developers,"Generative AI for Software Developers Specialization by IBM, 4.7 stars, by 4.6K reviews, provide skills ChatGPT, Generative AI, OpenAI etc... Intermediate level, 1 - 3 Months",https://www.coursera.org/specializations/generative-ai-for-software-developers,Coursera
AI for Mechanical Engineers,"AI for Mechanical Engineers new Specialization by University of Michigan, 4.4 stars, by 19 reviews, provide skills Artificial Intelligence and Machine Learning (AI/ML), Generative AI, Machine Learning etc... Intermediate level, 1 - 3 Months",https://www.coursera.org/specializations/ai-for-mechanical-engineers,Coursera
AI For Medical Treatment,"AI For Medical Treatment Course by DeepLearning.AI, 4.7 stars, by 520 reviews, provide skills Deep Learning, Statistical Analysis, Clinical Trials etc... Intermediate level, 1 - 4 Weeks",https://www.coursera.org/learn/ai-for-medical-treatment,Coursera
Business Analytics,Not Available,https://www.udacity.com/course/business-analytics-nanodegree--nd098,Udacity
AI Strategy and Governance,"AI Strategy and Governance Course by University of Pennsylvania, 4.8 stars, by 266 reviews, provide skills Data Ethics, Data Governance, Data Security etc... Beginner level, 1 - 4 Weeks",https://www.coursera.org/learn/wharton-ai-strategy-governance,Coursera
Accelerate Your Learning with ChatGPT,"Accelerate Your Learning with ChatGPT free Course by Deep Teaching Solutions, 4.8 stars, by 425 reviews, provide skills Creative Thinking, ChatGPT, Learning Strategies etc... Beginner level, 1 - 4 Weeks",https://www.coursera.org/learn/learning-chatgpt,Coursera
IBM Data Analyst,"IBM Data Analyst Professional Certificate by IBM, 4.6 stars, by 88K reviews, provide skills Data Storytelling, Dashboard, Data Visualization Software etc... Beginner level, 3 - 6 Months",https://www.coursera.org/professional-certificates/ibm-data-analyst,Coursera
Product Manager,Not Available,https://www.udacity.com/course/product-manager-nanodegree--nd036,Udacity
AI and Public Health,"AI and Public Health Course by DeepLearning.AI, 4.8 stars, by 216 reviews, provide skills Data Analysis, Jupyter, Exploratory Data Analysis etc... Beginner level, 1 - 4 Weeks",https://www.coursera.org/learn/ai-and-public-health,Coursera
User Experience,Not Available,https://www.udacity.com/course/ux-designer-nanodegree--nd578,Udacity
Responsible Generative AI,"Responsible Generative AI Specialization by University of Michigan, 4.7 stars, by 84 reviews, provide skills Generative AI, Governance, Data Governance etc... Beginner level, 1 - 3 Months",https://www.coursera.org/specializations/responsible-generative-ai,Coursera
C++,Not Available,https://www.udacity.com/course/c-plus-plus-nanodegree--nd213,Udacity
Computer Vision,Not Available,https://www.udacity.com/course/computer-vision-nanodegree--nd891,Udacity
User Experience,Not Available,https://www.udacity.com/course/ux-designer-nanodegree--nd578,Udacity
Generative AI Fundamentals,"Generative AI Fundamentals Specialization by IBM, 4.7 stars, by 4.8K reviews, provide skills Generative AI, ChatGPT, OpenAI etc... Beginner level, 3 - 6 Months",https://www.coursera.org/specializations/generative-ai-for-everyone,Coursera
Building Agentic RAG with LlamaIndex,"Building Agentic RAG with LlamaIndex free Project by DeepLearning.AI, 4.8 stars, by 39 reviews, provide skills Generative AI, Debugging, Artificial Intelligence etc... Beginner level, Less Than 2 Hours",https://www.coursera.org/projects/building-agentic-rag-with-llamaindex,Coursera
Generative AI with Large Language Models,"Generative AI with Large Language Models Course by DeepLearning.AI, Amazon Web Services, 4.8 stars, by 3.2K reviews, provide skills Generative AI, OpenAI, ChatGPT etc... Intermediate level, 1 - 4 Weeks",https://www.coursera.org/learn/generative-ai-with-llms,Coursera
AI for Decision Makers,"AI for Decision Makers Course by Fred Hutchinson Cancer Center, 4.8 stars, by 10 reviews, provide skills Data Ethics, Human Resource Policies, Technology Strategies etc... Beginner level, 1 - 3 Months",https://www.coursera.org/learn/ai-for-decision-makers,Coursera
Computer Vision,Not Available,https://www.udacity.com/course/computer-vision-nanodegree--nd891,Udacity
Generative AI for Customer Support,"Generative AI for Customer Support new Specialization by IBM, SkillUp EdTech, 4.7 stars, by 4.5K reviews, provide skills ChatGPT, Generative AI, Standard Operating Procedure etc... Intermediate level, 1 - 3 Months",https://www.coursera.org/specializations/generative-ai-for-customer-support,Coursera
C++,Not Available,https://www.udacity.com/course/c-plus-plus-nanodegree--nd213,Udacity
C++,Not Available,https://www.udacity.com/course/c-plus-plus-nanodegree--nd213,Udacity
AI for Medical Diagnosis,"AI for Medical Diagnosis Course by DeepLearning.AI, 4.7 stars, by 2K reviews, provide skills Image Analysis, Predictive Modeling, Risk Modeling etc... Intermediate level, 1 - 4 Weeks",https://www.coursera.org/learn/ai-for-medical-diagnosis,Coursera
Generative AI in Education,"Generative AI in Education Course by University of Glasgow, 4.5 stars, by 66 reviews, provide skills Generative AI, OpenAI, ChatGPT etc... Beginner level, 1 - 4 Weeks",https://www.coursera.org/learn/generative-ai-in-education,Coursera
Data Engineering with AWS,Not Available,https://www.udacity.com/course/data-engineer-nanodegree--nd027,Udacity
Adobe Marketing Specialist,"Adobe Marketing Specialist new Professional Certificate by Adobe, 4.6 stars, by 378 reviews, provide skills Content Marketing, Promotional Strategies, Social Media Content etc... Beginner level, 3 - 6 Months",https://www.coursera.org/professional-certificates/adobe-marketing-specialist,Coursera
Microsoft Generative AI for Data Analysis,"Microsoft Generative AI for Data Analysis new Professional Certificate by Microsoft, 4.2 stars, by 39 reviews, provide skills Data Storytelling, Data Presentation, Dashboard etc... Intermediate level, 3 - 6 Months",https://www.coursera.org/professional-certificates/microsoft-genai-for-data-analysis,Coursera
Full Stack Web Developer,Not Available,https://www.udacity.com/course/full-stack-web-developer-nanodegree--nd0044,Udacity
Microsoft Azure AI Fundamentals AI-900 Exam Prep,"Microsoft Azure AI Fundamentals AI-900 Exam Prep Specialization by Microsoft, 4.6 stars, by 1K reviews, provide skills Anomaly Detection, Image Analysis, Text Mining etc... Beginner level, 3 - 6 Months",https://www.coursera.org/specializations/microsoft-azure-ai-900-ai-fundamentals,Coursera
Data Structures and Algorithms,Not Available,https://www.udacity.com/course/data-structures-and-algorithms-nanodegree--nd256,Udacity
Full Stack Web Developer,Not Available,https://www.udacity.com/course/full-stack-web-developer-nanodegree--nd0044,Udacity
Deep Learning,Not Available,https://www.udacity.com/course/deep-learning-nanodegree--nd101,Udacity
Generative AI for Human Resources (HR) Professionals,"Generative AI for Human Resources (HR) Professionals Specialization by IBM, SkillUp EdTech, 4.7 stars, by 4.5K reviews, provide skills ChatGPT, Generative AI, HR Tech etc... Intermediate level, 1 - 3 Months",https://www.coursera.org/specializations/generative-ai-for-human-resources,Coursera
User Experience,Not Available,https://www.udacity.com/course/ux-designer-nanodegree--nd578,Udacity
Foundations of AI and Machine Learning,"Foundations of AI and Machine Learning new Course by Microsoft, 4.6 stars, by 51 reviews, provide skills Data Management, Artificial Intelligence and Machine Learning (AI/ML), Infrastructure Architecture etc... Intermediate level, 1 - 3 Months",https://www.coursera.org/learn/foundations-of-ai-and-machine-learning,Coursera
AI Foundations for Everyone,"AI Foundations for Everyone Specialization by IBM, 4.7 stars, by 23K reviews, provide skills ChatGPT, Generative AI, Artificial Intelligence etc... Beginner level, 3 - 6 Months",https://www.coursera.org/specializations/ai-foundations-for-everyone,Coursera
iOS Development with SwiftUI and SwiftData,Not Available,https://www.udacity.com/course/ios-developer-nanodegree--nd003,Udacity
Generative AI for Executives,"Generative AI for Executives free Course by Amazon Web Services, 3.7 stars, by 18 reviews, provide skills Amazon Web Services, Emerging Technologies, Business Transformation etc... Beginner level, 1 - 4 Weeks",https://www.coursera.org/learn/generative-ai-for-executives,Coursera
"AI, Empathy & Ethics","AI, Empathy & Ethics free Course by University of California, Santa Cruz, 4.5 stars, by 263 reviews, provide skills Data Ethics, Artificial Intelligence, Artificial Neural Networks etc... Beginner level, 1 - 4 Weeks",https://www.coursera.org/learn/ai-empathy-ethics,Coursera
Navigating Generative AI for Leaders,"Navigating Generative AI for Leaders Specialization by Coursera, 4.8 stars, by 141 reviews, provide skills Generative AI, Strategic Thinking, Data Ethics etc... Beginner level, 1 - 3 Months",https://www.coursera.org/specializations/navigating-generative-ai-for-leaders,Coursera
Applied Data Science,"Applied Data Science Specialization by IBM, 4.6 stars, by 57K reviews, provide skills Dashboard, Data Visualization Software, Plotly etc... Beginner level, 3 - 6 Months",https://www.coursera.org/specializations/applied-data-science,Coursera
Generative AI with Large Language Models,"Generative AI with Large Language Models Course by DeepLearning.AI, Amazon Web Services, 4.8 stars, by 3.2K reviews, provide skills Generative AI, OpenAI, ChatGPT etc... Intermediate level, 1 - 4 Weeks",https://www.coursera.org/learn/generative-ai-with-llms,Coursera
Full Stack Web Developer,Not Available,https://www.udacity.com/course/full-stack-web-developer-nanodegree--nd0044,Udacity
AI for Trading,Not Available,https://www.udacity.com/course/ai-for-trading--nd880,Udacity
Data Engineering with AWS,Not Available,https://www.udacity.com/course/data-engineer-nanodegree--nd027,Udacity
IBM Full Stack Software Developer,"IBM Full Stack Software Developer Professional Certificate by IBM, 4.6 stars, by 53K reviews, provide skills Istio, Node.JS, Software Development Life Cycle etc... Beginner level, 3 - 6 Months",https://www.coursera.org/professional-certificates/ibm-full-stack-cloud-developer,Coursera
AI Materials,"AI Materials free Course by Korea Advanced Institute of Science and Technology(KAIST), 4.8 stars, by 34 reviews, provide skills Artificial Intelligence and Machine Learning (AI/ML), Artificial Intelligence, Human Machine Interfaces etc... Beginner level, 1 - 3 Months",https://www.coursera.org/learn/ai-materials,Coursera
IntelÂ® AI Fundamentals,"IntelÂ® AI Fundamentals Specialization by Intel, 4.1 stars, by 66 reviews, provide skills Artificial Intelligence, Business Technologies, Complex Problem Solving etc... Beginner level, 1 - 4 Weeks",https://www.coursera.org/specializations/intel-ai-fundamental,Coursera
Generative AI for Educators & Teachers,"Generative AI for Educators & Teachers Specialization by Vanderbilt University, 4.8 stars, by 1.2K reviews, provide skills Generative AI, ChatGPT, Ideation etc... Beginner level, 1 - 3 Months",https://www.coursera.org/specializations/generative-ai-for-educators-teachers,Coursera
AI Programming with Python,Not Available,https://www.udacity.com/course/ai-programming-python-nanodegree--nd089,Udacity
Data Scientist,Not Available,https://www.udacity.com/course/data-scientist-nanodegree--nd025,Udacity
"Python for Data Science, AI & Development","Python for Data Science, AI & Development Course by IBM, 4.6 stars, by 40K reviews, provide skills Jupyter, Automation, Web Scraping etc... Beginner level, 1 - 3 Months",https://www.coursera.org/learn/python-for-applied-data-science-ai,Coursera
Responsible AI: Applying AI Principles with Google Cloud,"Responsible AI: Applying AI Principles with Google Cloud Course by Google Cloud, 4.5 stars, by 401 reviews, provide skills Data Ethics, Artificial Intelligence, Business Ethics etc... Beginner level, 1 - 3 Months",https://www.coursera.org/learn/responsible-ai-applying-ai-principles-with-google-cloud,Coursera
Data Analyst,Not Available,https://www.udacity.com/course/data-analyst-nanodegree--nd002,Udacity
Trustworthy AI for Healthcare Management,"Trustworthy AI for Healthcare Management free Course by Politecnico di Milano, 4.7 stars, by 57 reviews, provide skills Data Ethics, Artificial Intelligence, Healthcare Industry Knowledge etc... Beginner level, 1 - 3 Months",https://www.coursera.org/learn/trustworthy-ai-for-healthcare-management,Coursera
Vertex AI Search for Retail,"Vertex AI Search for Retail Specialization by Google Cloud, 4.6 stars, by 16K reviews, provide skills Dataflow, Google Cloud Platform, Data Pipelines etc... Beginner level, 3 - 6 Months",https://www.coursera.org/specializations/vertex-ai-search-for-retail,Coursera
Cloud DevOps Engineer,Not Available,https://www.udacity.com/course/cloud-dev-ops-nanodegree--nd9991,Udacity
Data Scientist,Not Available,https://www.udacity.com/course/data-scientist-nanodegree--nd025,Udacity
Introduction to Programming,Not Available,https://www.udacity.com/course/intro-to-programming-nanodegree--nd000,Udacity
Front End Web Developer,Not Available,https://www.udacity.com/course/front-end-web-developer-nanodegree--nd0011,Udacity
Business Analytics,Not Available,https://www.udacity.com/course/business-analytics-nanodegree--nd098,Udacity
Programming for Data Science with Python,Not Available,https://www.udacity.com/course/programming-for-data-science-nanodegree--nd104,Udacity
"AI Ethics, Responsible Use, and Creativity","AI Ethics, Responsible Use, and Creativity new Course by University of Michigan, 4.9 stars, by 11 reviews, provide skills Data Ethics, Artificial Intelligence, Generative AI etc... Beginner level, 1 - 3 Months",https://www.coursera.org/learn/ai-ethics-responsible-use-and-creativity,Coursera
